,name,url,bio
0,badgalriri,https://www.instagram.com/p/CUlBK2NARCp/,"badgalririri-hanna.io/savagexFollowed by juliusity, callmeawnn, areaware +24 moreFollowed by juliusity, callmeawnn, areaware +24 morejuliusitycallmeawnnareaware"
1,badgalriri,https://www.instagram.com/p/CUeYxE9rLUQ/,"badgalririri-hanna.io/savagexFollowed by juliusity, callmeawnn, areaware +24 moreFollowed by juliusity, callmeawnn, areaware +24 morejuliusitycallmeawnnareaware"
2,badgalriri,https://www.instagram.com/p/CUaVsy7A0Jt/,"badgalririri-hanna.io/savagexFollowed by juliusity, callmeawnn, areaware +24 moreFollowed by juliusity, callmeawnn, areaware +24 morejuliusitycallmeawnnareaware"
3,badgalriri,https://www.instagram.com/p/CUF2HNfJqNq/,"badgalririri-hanna.io/savagexFollowed by juliusity, callmeawnn, areaware +24 moreFollowed by juliusity, callmeawnn, areaware +24 morejuliusitycallmeawnnareaware"
4,badgalriri,https://www.instagram.com/p/CUDpv0MhrQ3/,"badgalririri-hanna.io/savagexFollowed by juliusity, callmeawnn, areaware +24 moreFollowed by juliusity, callmeawnn, areaware +24 morejuliusitycallmeawnnareaware"
5,badgalriri,https://www.instagram.com/p/CT7ifz4LZ67/,"badgalririri-hanna.io/savagexFollowed by juliusity, callmeawnn, areaware +24 moreFollowed by juliusity, callmeawnn, areaware +24 morejuliusitycallmeawnnareaware"
6,badgalriri,https://www.instagram.com/p/CT3sB0frDRb/,"badgalririri-hanna.io/savagexFollowed by juliusity, callmeawnn, areaware +24 moreFollowed by juliusity, callmeawnn, areaware +24 morejuliusitycallmeawnnareaware"
7,badgalriri,https://www.instagram.com/p/CT3rtIZLxql/,"badgalririri-hanna.io/savagexFollowed by juliusity, callmeawnn, areaware +24 moreFollowed by juliusity, callmeawnn, areaware +24 morejuliusitycallmeawnnareaware"
8,badgalriri,https://www.instagram.com/p/CT3fRzOrRiD/,"badgalririri-hanna.io/savagexFollowed by juliusity, callmeawnn, areaware +24 moreFollowed by juliusity, callmeawnn, areaware +24 morejuliusitycallmeawnnareaware"
9,badgalriri,https://www.instagram.com/p/CTw7IMNA_62/,"badgalririri-hanna.io/savagexFollowed by juliusity, callmeawnn, areaware +24 moreFollowed by juliusity, callmeawnn, areaware +24 morejuliusitycallmeawnnareaware"
10,badgalriri,https://www.instagram.com/p/CTvL34bLBkj/,"badgalririri-hanna.io/savagexFollowed by juliusity, callmeawnn, areaware +24 moreFollowed by juliusity, callmeawnn, areaware +24 morejuliusitycallmeawnnareaware"
11,badgalriri,https://www.instagram.com/p/CTptFJtPK78/,"badgalririri-hanna.io/savagexFollowed by juliusity, callmeawnn, areaware +24 moreFollowed by juliusity, callmeawnn, areaware +24 morejuliusitycallmeawnnareaware"
12,badgalriri,https://www.instagram.com/p/CTpWh79JP1y/,"badgalririri-hanna.io/savagexFollowed by juliusity, callmeawnn, areaware +24 moreFollowed by juliusity, callmeawnn, areaware +24 morejuliusitycallmeawnnareaware"
13,badgalriri,https://www.instagram.com/p/CTRAbM_rmVv/,"badgalririri-hanna.io/savagexFollowed by juliusity, callmeawnn, areaware +24 moreFollowed by juliusity, callmeawnn, areaware +24 morejuliusitycallmeawnnareaware"
14,badgalriri,https://www.instagram.com/p/CTC5cNZgiPW/,"badgalririri-hanna.io/savagexFollowed by juliusity, callmeawnn, areaware +24 moreFollowed by juliusity, callmeawnn, areaware +24 morejuliusitycallmeawnnareaware"
15,badgalriri,https://www.instagram.com/p/CSyNSiVgMTo/,"badgalririri-hanna.io/savagexFollowed by juliusity, callmeawnn, areaware +24 moreFollowed by juliusity, callmeawnn, areaware +24 morejuliusitycallmeawnnareaware"
16,badgalriri,https://www.instagram.com/p/CSZ1N8nrx9L/,"badgalririri-hanna.io/savagexFollowed by juliusity, callmeawnn, areaware +24 moreFollowed by juliusity, callmeawnn, areaware +24 morejuliusitycallmeawnnareaware"
17,badgalriri,https://www.instagram.com/p/CSYfekSAK59/,"badgalririri-hanna.io/savagexFollowed by juliusity, callmeawnn, areaware +24 moreFollowed by juliusity, callmeawnn, areaware +24 morejuliusitycallmeawnnareaware"
18,badgalriri,https://www.instagram.com/p/CSX25FDpEi-/,"badgalririri-hanna.io/savagexFollowed by juliusity, callmeawnn, areaware +24 moreFollowed by juliusity, callmeawnn, areaware +24 morejuliusitycallmeawnnareaware"
19,badgalriri,https://www.instagram.com/p/CSU6fianQOZ/,"badgalririri-hanna.io/savagexFollowed by juliusity, callmeawnn, areaware +24 moreFollowed by juliusity, callmeawnn, areaware +24 morejuliusitycallmeawnnareaware"
20,badgalriri,https://www.instagram.com/p/CSF3m5BATN3/,"badgalririri-hanna.io/savagexFollowed by juliusity, callmeawnn, areaware +24 moreFollowed by juliusity, callmeawnn, areaware +24 morejuliusitycallmeawnnareaware"
21,badgalriri,https://www.instagram.com/p/CR96taqLfph/,"badgalririri-hanna.io/savagexFollowed by juliusity, callmeawnn, areaware +24 moreFollowed by juliusity, callmeawnn, areaware +24 morejuliusitycallmeawnnareaware"
22,badgalriri,https://www.instagram.com/p/CR5c-TvIR3f/,"badgalririri-hanna.io/savagexFollowed by juliusity, callmeawnn, areaware +24 moreFollowed by juliusity, callmeawnn, areaware +24 morejuliusitycallmeawnnareaware"
23,badgalriri,https://www.instagram.com/p/CR4OXuvrA7D/,"badgalririri-hanna.io/savagexFollowed by juliusity, callmeawnn, areaware +24 moreFollowed by juliusity, callmeawnn, areaware +24 morejuliusitycallmeawnnareaware"
24,badgalriri,https://www.instagram.com/p/CRaINSSgvwP/,"badgalririri-hanna.io/savagexFollowed by juliusity, callmeawnn, areaware +24 moreFollowed by juliusity, callmeawnn, areaware +24 morejuliusitycallmeawnnareaware"
25,badgalriri,https://www.instagram.com/p/CRAHGw5MLfX/,"badgalririri-hanna.io/savagexFollowed by juliusity, callmeawnn, areaware +24 moreFollowed by juliusity, callmeawnn, areaware +24 morejuliusitycallmeawnnareaware"
26,badgalriri,https://www.instagram.com/p/CQw1TECMOJU/,"badgalririri-hanna.io/savagexFollowed by juliusity, callmeawnn, areaware +24 moreFollowed by juliusity, callmeawnn, areaware +24 morejuliusitycallmeawnnareaware"
27,badgalriri,https://www.instagram.com/p/CQuUgF3M01G/,"badgalririri-hanna.io/savagexFollowed by juliusity, callmeawnn, areaware +24 moreFollowed by juliusity, callmeawnn, areaware +24 morejuliusitycallmeawnnareaware"
28,badgalriri,https://www.instagram.com/p/CQfSbWYnkxk/,"badgalririri-hanna.io/savagexFollowed by juliusity, callmeawnn, areaware +24 moreFollowed by juliusity, callmeawnn, areaware +24 morejuliusitycallmeawnnareaware"
29,badgalriri,https://www.instagram.com/p/CPpACJKnol8/,"badgalririri-hanna.io/savagexFollowed by juliusity, callmeawnn, areaware +24 moreFollowed by juliusity, callmeawnn, areaware +24 morejuliusitycallmeawnnareaware"
30,badgalriri,https://www.instagram.com/p/CPohbq1nXhX/,"badgalririri-hanna.io/savagexFollowed by juliusity, callmeawnn, areaware +24 moreFollowed by juliusity, callmeawnn, areaware +24 morejuliusitycallmeawnnareaware"
31,badgalriri,https://www.instagram.com/p/CPoZbDpHd3F/,"badgalririri-hanna.io/savagexFollowed by juliusity, callmeawnn, areaware +24 moreFollowed by juliusity, callmeawnn, areaware +24 morejuliusitycallmeawnnareaware"
32,badgalriri,https://www.instagram.com/p/CPoB5Mnn5i0/,"badgalririri-hanna.io/savagexFollowed by juliusity, callmeawnn, areaware +24 moreFollowed by juliusity, callmeawnn, areaware +24 morejuliusitycallmeawnnareaware"
33,badgalriri,https://www.instagram.com/p/CPmZwXzHGnK/,"badgalririri-hanna.io/savagexFollowed by juliusity, callmeawnn, areaware +24 moreFollowed by juliusity, callmeawnn, areaware +24 morejuliusitycallmeawnnareaware"
34,badgalriri,https://www.instagram.com/p/CPd6nxnH-72/,"badgalririri-hanna.io/savagexFollowed by juliusity, callmeawnn, areaware +24 moreFollowed by juliusity, callmeawnn, areaware +24 morejuliusitycallmeawnnareaware"
35,badgalriri,https://www.instagram.com/p/COzFU2xHdzh/,"badgalririri-hanna.io/savagexFollowed by juliusity, callmeawnn, areaware +24 moreFollowed by juliusity, callmeawnn, areaware +24 morejuliusitycallmeawnnareaware"
36,badgalriri,https://www.instagram.com/p/COvsL9GHd45/,"badgalririri-hanna.io/savagexFollowed by juliusity, callmeawnn, areaware +24 moreFollowed by juliusity, callmeawnn, areaware +24 morejuliusitycallmeawnnareaware"
37,badgalriri,https://www.instagram.com/p/CM5dSpIHTbR/,"badgalririri-hanna.io/savagexFollowed by juliusity, callmeawnn, areaware +24 moreFollowed by juliusity, callmeawnn, areaware +24 morejuliusitycallmeawnnareaware"
38,badgalriri,https://www.instagram.com/p/CM0KiPZnuHO/,"badgalririri-hanna.io/savagexFollowed by juliusity, callmeawnn, areaware +24 moreFollowed by juliusity, callmeawnn, areaware +24 morejuliusitycallmeawnnareaware"
39,badgalriri,https://www.instagram.com/p/CMxZM1ZH_6K/,"badgalririri-hanna.io/savagexFollowed by juliusity, callmeawnn, areaware +24 moreFollowed by juliusity, callmeawnn, areaware +24 morejuliusitycallmeawnnareaware"
40,badgalriri,https://www.instagram.com/p/CMm6jB1IiWq/,"badgalririri-hanna.io/savagexFollowed by juliusity, callmeawnn, areaware +24 moreFollowed by juliusity, callmeawnn, areaware +24 morejuliusitycallmeawnnareaware"
41,badgalriri,https://www.instagram.com/p/CMi8GjrHo9E/,"badgalririri-hanna.io/savagexFollowed by juliusity, callmeawnn, areaware +24 moreFollowed by juliusity, callmeawnn, areaware +24 morejuliusitycallmeawnnareaware"
42,badgalriri,https://www.instagram.com/p/CMfryVXH4Ij/,"badgalririri-hanna.io/savagexFollowed by juliusity, callmeawnn, areaware +24 moreFollowed by juliusity, callmeawnn, areaware +24 morejuliusitycallmeawnnareaware"
43,badgalriri,https://www.instagram.com/p/CL3Vh4xnGcf/,"badgalririri-hanna.io/savagexFollowed by juliusity, callmeawnn, areaware +24 moreFollowed by juliusity, callmeawnn, areaware +24 morejuliusitycallmeawnnareaware"
44,badgalriri,https://www.instagram.com/p/CLx2EJzHJuO/,"badgalririri-hanna.io/savagexFollowed by juliusity, callmeawnn, areaware +24 moreFollowed by juliusity, callmeawnn, areaware +24 morejuliusitycallmeawnnareaware"
45,badgalriri,https://www.instagram.com/p/CLcPAUzHCZa/,"badgalririri-hanna.io/savagexFollowed by juliusity, callmeawnn, areaware +24 moreFollowed by juliusity, callmeawnn, areaware +24 morejuliusitycallmeawnnareaware"
46,badgalriri,https://www.instagram.com/p/CLZwCfRH2na/,"badgalririri-hanna.io/savagexFollowed by juliusity, callmeawnn, areaware +24 moreFollowed by juliusity, callmeawnn, areaware +24 morejuliusitycallmeawnnareaware"
47,badgalriri,https://www.instagram.com/p/CLUzcxMnm4A/,"badgalririri-hanna.io/savagexFollowed by juliusity, callmeawnn, areaware +24 moreFollowed by juliusity, callmeawnn, areaware +24 morejuliusitycallmeawnnareaware"
48,badgalriri,https://www.instagram.com/p/CLPX1z7nohF/,"badgalririri-hanna.io/savagexFollowed by juliusity, callmeawnn, areaware +24 moreFollowed by juliusity, callmeawnn, areaware +24 morejuliusitycallmeawnnareaware"
49,badgalriri,https://www.instagram.com/p/CLAkAhOnS53/,"badgalririri-hanna.io/savagexFollowed by juliusity, callmeawnn, areaware +24 moreFollowed by juliusity, callmeawnn, areaware +24 morejuliusitycallmeawnnareaware"
50,badgalriri,https://www.instagram.com/p/CK-87p-Hdt9/,"badgalririri-hanna.io/savagexFollowed by juliusity, callmeawnn, areaware +24 moreFollowed by juliusity, callmeawnn, areaware +24 morejuliusitycallmeawnnareaware"
51,badgalriri,https://www.instagram.com/p/CK9AqnUHyZO/,"badgalririri-hanna.io/savagexFollowed by juliusity, callmeawnn, areaware +24 moreFollowed by juliusity, callmeawnn, areaware +24 morejuliusitycallmeawnnareaware"
52,badgalriri,https://www.instagram.com/p/CKxkqO0nC7_/,"badgalririri-hanna.io/savagexFollowed by juliusity, callmeawnn, areaware +24 moreFollowed by juliusity, callmeawnn, areaware +24 morejuliusitycallmeawnnareaware"
53,badgalriri,https://www.instagram.com/p/CKwSdeIHlxh/,"badgalririri-hanna.io/savagexFollowed by juliusity, callmeawnn, areaware +24 moreFollowed by juliusity, callmeawnn, areaware +24 morejuliusitycallmeawnnareaware"
54,badgalriri,https://www.instagram.com/p/CKrSb2NHsxE/,"badgalririri-hanna.io/savagexFollowed by juliusity, callmeawnn, areaware +24 moreFollowed by juliusity, callmeawnn, areaware +24 morejuliusitycallmeawnnareaware"
55,badgalriri,https://www.instagram.com/p/CKpiOCsnwMb/,"badgalririri-hanna.io/savagexFollowed by juliusity, callmeawnn, areaware +24 moreFollowed by juliusity, callmeawnn, areaware +24 morejuliusitycallmeawnnareaware"
56,badgalriri,https://www.instagram.com/p/CKnkjR6HxoO/,"badgalririri-hanna.io/savagexFollowed by juliusity, callmeawnn, areaware +24 moreFollowed by juliusity, callmeawnn, areaware +24 morejuliusitycallmeawnnareaware"
57,badgalriri,https://www.instagram.com/p/CKnCG4lnmJt/,"badgalririri-hanna.io/savagexFollowed by juliusity, callmeawnn, areaware +24 moreFollowed by juliusity, callmeawnn, areaware +24 morejuliusitycallmeawnnareaware"
58,badgalriri,https://www.instagram.com/p/CKcfAQdHl3-/,"badgalririri-hanna.io/savagexFollowed by juliusity, callmeawnn, areaware +24 moreFollowed by juliusity, callmeawnn, areaware +24 morejuliusitycallmeawnnareaware"
59,badgalriri,https://www.instagram.com/p/CKR-wvFnkup/,"badgalririri-hanna.io/savagexFollowed by juliusity, callmeawnn, areaware +24 moreFollowed by juliusity, callmeawnn, areaware +24 morejuliusitycallmeawnnareaware"
60,badgalriri,https://www.instagram.com/p/CKPrlhEMe6o/,"badgalririri-hanna.io/savagexFollowed by juliusity, callmeawnn, areaware +24 moreFollowed by juliusity, callmeawnn, areaware +24 morejuliusitycallmeawnnareaware"
61,badgalriri,https://www.instagram.com/p/CKCcZENHzos/,"badgalririri-hanna.io/savagexFollowed by juliusity, callmeawnn, areaware +24 moreFollowed by juliusity, callmeawnn, areaware +24 morejuliusitycallmeawnnareaware"
62,badgalriri,https://www.instagram.com/p/CKCcB3xnB5P/,"badgalririri-hanna.io/savagexFollowed by juliusity, callmeawnn, areaware +24 moreFollowed by juliusity, callmeawnn, areaware +24 morejuliusitycallmeawnnareaware"
63,badgalriri,https://www.instagram.com/p/CKCLdVtHxUd/,"badgalririri-hanna.io/savagexFollowed by juliusity, callmeawnn, areaware +24 moreFollowed by juliusity, callmeawnn, areaware +24 morejuliusitycallmeawnnareaware"
64,badgalriri,https://www.instagram.com/p/CJ_wopXn6ww/,"badgalririri-hanna.io/savagexFollowed by juliusity, callmeawnn, areaware +24 moreFollowed by juliusity, callmeawnn, areaware +24 morejuliusitycallmeawnnareaware"
65,badgalriri,https://www.instagram.com/p/CJ_qaJGHi82/,"badgalririri-hanna.io/savagexFollowed by juliusity, callmeawnn, areaware +24 moreFollowed by juliusity, callmeawnn, areaware +24 morejuliusitycallmeawnnareaware"
66,badgalriri,https://www.instagram.com/p/CJ_qTH5nG-p/,"badgalririri-hanna.io/savagexFollowed by juliusity, callmeawnn, areaware +24 moreFollowed by juliusity, callmeawnn, areaware +24 morejuliusitycallmeawnnareaware"
67,badgalriri,https://www.instagram.com/p/CJ_qG6Wn5xo/,"badgalririri-hanna.io/savagexFollowed by juliusity, callmeawnn, areaware +24 moreFollowed by juliusity, callmeawnn, areaware +24 morejuliusitycallmeawnnareaware"
68,badgalriri,https://www.instagram.com/p/CJhDAxhn-xO/,"badgalririri-hanna.io/savagexFollowed by juliusity, callmeawnn, areaware +24 moreFollowed by juliusity, callmeawnn, areaware +24 morejuliusitycallmeawnnareaware"
69,badgalriri,https://www.instagram.com/p/CJZ8a8SHUGD/,"badgalririri-hanna.io/savagexFollowed by juliusity, callmeawnn, areaware +24 moreFollowed by juliusity, callmeawnn, areaware +24 morejuliusitycallmeawnnareaware"
70,badgalriri,https://www.instagram.com/p/CJY8pW-HNfj/,"badgalririri-hanna.io/savagexFollowed by juliusity, callmeawnn, areaware +24 moreFollowed by juliusity, callmeawnn, areaware +24 morejuliusitycallmeawnnareaware"
71,badgalriri,https://www.instagram.com/p/CI9ivzMH1Rk/,"badgalririri-hanna.io/savagexFollowed by juliusity, callmeawnn, areaware +24 moreFollowed by juliusity, callmeawnn, areaware +24 morejuliusitycallmeawnnareaware"
72,badgalriri,https://www.instagram.com/p/CI56oA7Hfd1/,"badgalririri-hanna.io/savagexFollowed by juliusity, callmeawnn, areaware +24 moreFollowed by juliusity, callmeawnn, areaware +24 morejuliusitycallmeawnnareaware"
73,badgalriri,https://www.instagram.com/p/CIzSXlongPU/,"badgalririri-hanna.io/savagexFollowed by juliusity, callmeawnn, areaware +24 moreFollowed by juliusity, callmeawnn, areaware +24 morejuliusitycallmeawnnareaware"
74,badgalriri,https://www.instagram.com/p/CIn_jIfHDL1/,"badgalririri-hanna.io/savagexFollowed by juliusity, callmeawnn, areaware +24 moreFollowed by juliusity, callmeawnn, areaware +24 morejuliusitycallmeawnnareaware"
75,badgalriri,https://www.instagram.com/p/CIjzKeLHjRo/,"badgalririri-hanna.io/savagexFollowed by juliusity, callmeawnn, areaware +24 moreFollowed by juliusity, callmeawnn, areaware +24 morejuliusitycallmeawnnareaware"
76,badgalriri,https://www.instagram.com/p/CIQ1_Zonlq_/,"badgalririri-hanna.io/savagexFollowed by juliusity, callmeawnn, areaware +24 moreFollowed by juliusity, callmeawnn, areaware +24 morejuliusitycallmeawnnareaware"
77,badgalriri,https://www.instagram.com/p/CH-5dkFHeyT/,"badgalririri-hanna.io/savagexFollowed by juliusity, callmeawnn, areaware +24 moreFollowed by juliusity, callmeawnn, areaware +24 morejuliusitycallmeawnnareaware"
78,badgalriri,https://www.instagram.com/p/CH6N0P5HlU3/,"badgalririri-hanna.io/savagexFollowed by juliusity, callmeawnn, areaware +24 moreFollowed by juliusity, callmeawnn, areaware +24 morejuliusitycallmeawnnareaware"
79,badgalriri,https://www.instagram.com/p/CHT_9hgn4Zl/,"badgalririri-hanna.io/savagexFollowed by juliusity, callmeawnn, areaware +24 moreFollowed by juliusity, callmeawnn, areaware +24 morejuliusitycallmeawnnareaware"
80,badgalriri,https://www.instagram.com/p/CHL65jqneCF/,"badgalririri-hanna.io/savagexFollowed by juliusity, callmeawnn, areaware +24 moreFollowed by juliusity, callmeawnn, areaware +24 morejuliusitycallmeawnnareaware"
81,badgalriri,https://www.instagram.com/p/CGlVD0eHZEG/,"badgalririri-hanna.io/savagexFollowed by juliusity, callmeawnn, areaware +24 moreFollowed by juliusity, callmeawnn, areaware +24 morejuliusitycallmeawnnareaware"
82,badgalriri,https://www.instagram.com/p/CGZNpSBnoUb/,"badgalririri-hanna.io/savagexFollowed by juliusity, callmeawnn, areaware +24 moreFollowed by juliusity, callmeawnn, areaware +24 morejuliusitycallmeawnnareaware"
83,badgalriri,https://www.instagram.com/p/CGYp6ZwHprU/,"badgalririri-hanna.io/savagexFollowed by juliusity, callmeawnn, areaware +24 moreFollowed by juliusity, callmeawnn, areaware +24 morejuliusitycallmeawnnareaware"
84,badgalriri,https://www.instagram.com/p/CGQvW93HHde/,"badgalririri-hanna.io/savagexFollowed by juliusity, callmeawnn, areaware +24 moreFollowed by juliusity, callmeawnn, areaware +24 morejuliusitycallmeawnnareaware"
85,badgalriri,https://www.instagram.com/p/CGPEN_7Hkxd/,"badgalririri-hanna.io/savagexFollowed by juliusity, callmeawnn, areaware +24 moreFollowed by juliusity, callmeawnn, areaware +24 morejuliusitycallmeawnnareaware"
86,badgalriri,https://www.instagram.com/p/CF0hKQin99i/,"badgalririri-hanna.io/savagexFollowed by juliusity, callmeawnn, areaware +24 moreFollowed by juliusity, callmeawnn, areaware +24 morejuliusitycallmeawnnareaware"
87,badgalriri,https://www.instagram.com/p/CFzwOY_HtBu/,"badgalririri-hanna.io/savagexFollowed by juliusity, callmeawnn, areaware +24 moreFollowed by juliusity, callmeawnn, areaware +24 morejuliusitycallmeawnnareaware"
88,badgalriri,https://www.instagram.com/p/CFp-pW-nCvx/,"badgalririri-hanna.io/savagexFollowed by juliusity, callmeawnn, areaware +24 moreFollowed by juliusity, callmeawnn, areaware +24 morejuliusitycallmeawnnareaware"
89,badgalriri,https://www.instagram.com/p/CFkZ6senzyx/,"badgalririri-hanna.io/savagexFollowed by juliusity, callmeawnn, areaware +24 moreFollowed by juliusity, callmeawnn, areaware +24 morejuliusitycallmeawnnareaware"
90,badgalriri,https://www.instagram.com/p/CFiwtZoHa8z/,"badgalririri-hanna.io/savagexFollowed by juliusity, callmeawnn, areaware +24 moreFollowed by juliusity, callmeawnn, areaware +24 morejuliusitycallmeawnnareaware"
91,badgalriri,https://www.instagram.com/p/CFdb0g6nNy-/,"badgalririri-hanna.io/savagexFollowed by juliusity, callmeawnn, areaware +24 moreFollowed by juliusity, callmeawnn, areaware +24 morejuliusitycallmeawnnareaware"
92,badgalriri,https://www.instagram.com/p/CFPwl40nmA2/,"badgalririri-hanna.io/savagexFollowed by juliusity, callmeawnn, areaware +24 moreFollowed by juliusity, callmeawnn, areaware +24 morejuliusitycallmeawnnareaware"
93,badgalriri,https://www.instagram.com/p/CEAq1idHKih/,"badgalririri-hanna.io/savagexFollowed by juliusity, callmeawnn, areaware +24 moreFollowed by juliusity, callmeawnn, areaware +24 morejuliusitycallmeawnnareaware"
94,badgalriri,https://www.instagram.com/p/CD5P4kNHGpn/,"badgalririri-hanna.io/savagexFollowed by juliusity, callmeawnn, areaware +24 moreFollowed by juliusity, callmeawnn, areaware +24 morejuliusitycallmeawnnareaware"
95,badgalriri,https://www.instagram.com/p/CD2HzojnRK8/,"badgalririri-hanna.io/savagexFollowed by juliusity, callmeawnn, areaware +24 moreFollowed by juliusity, callmeawnn, areaware +24 morejuliusitycallmeawnnareaware"
96,badgalriri,https://www.instagram.com/p/CD16AYyn6o2/,"badgalririri-hanna.io/savagexFollowed by juliusity, callmeawnn, areaware +24 moreFollowed by juliusity, callmeawnn, areaware +24 morejuliusitycallmeawnnareaware"
97,badgalriri,https://www.instagram.com/p/CDe_mnZngzG/,"badgalririri-hanna.io/savagexFollowed by juliusity, callmeawnn, areaware +24 moreFollowed by juliusity, callmeawnn, areaware +24 morejuliusitycallmeawnnareaware"
98,badgalriri,https://www.instagram.com/p/CDeJfdOnvwK/,"badgalririri-hanna.io/savagexFollowed by juliusity, callmeawnn, areaware +24 moreFollowed by juliusity, callmeawnn, areaware +24 morejuliusitycallmeawnnareaware"
99,badgalriri,https://www.instagram.com/p/CDeIzP1nqA1/,"badgalririri-hanna.io/savagexFollowed by juliusity, callmeawnn, areaware +24 moreFollowed by juliusity, callmeawnn, areaware +24 morejuliusitycallmeawnnareaware"
100,badgalriri,https://www.instagram.com/p/CDcNhB5ng8g/,"badgalririri-hanna.io/savagexFollowed by juliusity, callmeawnn, areaware +24 moreFollowed by juliusity, callmeawnn, areaware +24 morejuliusitycallmeawnnareaware"
101,badgalriri,https://www.instagram.com/p/CDSfBrqndTX/,"badgalririri-hanna.io/savagexFollowed by juliusity, callmeawnn, areaware +24 moreFollowed by juliusity, callmeawnn, areaware +24 morejuliusitycallmeawnnareaware"
102,badgalriri,https://www.instagram.com/p/CDPNbxRHSnF/,"badgalririri-hanna.io/savagexFollowed by juliusity, callmeawnn, areaware +24 moreFollowed by juliusity, callmeawnn, areaware +24 morejuliusitycallmeawnnareaware"
103,badgalriri,https://www.instagram.com/p/CDPNCZyn_N_/,"badgalririri-hanna.io/savagexFollowed by juliusity, callmeawnn, areaware +24 moreFollowed by juliusity, callmeawnn, areaware +24 morejuliusitycallmeawnnareaware"
104,badgalriri,https://www.instagram.com/p/CDPMpUTHewD/,"badgalririri-hanna.io/savagexFollowed by juliusity, callmeawnn, areaware +24 moreFollowed by juliusity, callmeawnn, areaware +24 morejuliusitycallmeawnnareaware"
105,badgalriri,https://www.instagram.com/p/CDPL7m8Htkc/,"badgalririri-hanna.io/savagexFollowed by juliusity, callmeawnn, areaware +24 moreFollowed by juliusity, callmeawnn, areaware +24 morejuliusitycallmeawnnareaware"
106,badgalriri,https://www.instagram.com/p/CDKgWOAnZJL/,"badgalririri-hanna.io/savagexFollowed by juliusity, callmeawnn, areaware +24 moreFollowed by juliusity, callmeawnn, areaware +24 morejuliusitycallmeawnnareaware"
107,badgalriri,https://www.instagram.com/p/CDKVBp-nViy/,"badgalririri-hanna.io/savagexFollowed by juliusity, callmeawnn, areaware +24 moreFollowed by juliusity, callmeawnn, areaware +24 morejuliusitycallmeawnnareaware"
108,badgalriri,https://www.instagram.com/p/CC4PSD4HYrW/,"badgalririri-hanna.io/savagexFollowed by juliusity, callmeawnn, areaware +24 moreFollowed by juliusity, callmeawnn, areaware +24 morejuliusitycallmeawnnareaware"
109,badgalriri,https://www.instagram.com/p/CC1qhZmn66b/,"badgalririri-hanna.io/savagexFollowed by juliusity, callmeawnn, areaware +24 moreFollowed by juliusity, callmeawnn, areaware +24 morejuliusitycallmeawnnareaware"
110,badgalriri,https://www.instagram.com/p/CC1GWQYntBx/,"badgalririri-hanna.io/savagexFollowed by juliusity, callmeawnn, areaware +24 moreFollowed by juliusity, callmeawnn, areaware +24 morejuliusitycallmeawnnareaware"
111,badgalriri,https://www.instagram.com/p/CCyopgyH-Q_/,"badgalririri-hanna.io/savagexFollowed by juliusity, callmeawnn, areaware +24 moreFollowed by juliusity, callmeawnn, areaware +24 morejuliusitycallmeawnnareaware"
112,badgalriri,https://www.instagram.com/p/CCxAgeXH_2G/,"badgalririri-hanna.io/savagexFollowed by juliusity, callmeawnn, areaware +24 moreFollowed by juliusity, callmeawnn, areaware +24 morejuliusitycallmeawnnareaware"
113,badgalriri,https://www.instagram.com/p/CCws-uuHI_7/,"badgalririri-hanna.io/savagexFollowed by juliusity, callmeawnn, areaware +24 moreFollowed by juliusity, callmeawnn, areaware +24 morejuliusitycallmeawnnareaware"
114,badgalriri,https://www.instagram.com/p/CCwsMGdHNuz/,"badgalririri-hanna.io/savagexFollowed by juliusity, callmeawnn, areaware +24 moreFollowed by juliusity, callmeawnn, areaware +24 morejuliusitycallmeawnnareaware"
115,badgalriri,https://www.instagram.com/p/CCwrlcqHV2l/,"badgalririri-hanna.io/savagexFollowed by juliusity, callmeawnn, areaware +24 moreFollowed by juliusity, callmeawnn, areaware +24 morejuliusitycallmeawnnareaware"
116,badgalriri,https://www.instagram.com/p/CCovs5EnTBi/,"badgalririri-hanna.io/savagexFollowed by juliusity, callmeawnn, areaware +24 moreFollowed by juliusity, callmeawnn, areaware +24 morejuliusitycallmeawnnareaware"
117,badgalriri,https://www.instagram.com/p/CCnKy_eHvVv/,"badgalririri-hanna.io/savagexFollowed by juliusity, callmeawnn, areaware +24 moreFollowed by juliusity, callmeawnn, areaware +24 morejuliusitycallmeawnnareaware"
118,badgalriri,https://www.instagram.com/p/CChbJ_PHyST/,"badgalririri-hanna.io/savagexFollowed by juliusity, callmeawnn, areaware +24 moreFollowed by juliusity, callmeawnn, areaware +24 morejuliusitycallmeawnnareaware"
119,badgalriri,https://www.instagram.com/p/CCbmOKigTx5/,"badgalririri-hanna.io/savagexFollowed by juliusity, callmeawnn, areaware +24 moreFollowed by juliusity, callmeawnn, areaware +24 morejuliusitycallmeawnnareaware"
120,badgalriri,https://www.instagram.com/p/CCW6pocnUEV/,"badgalririri-hanna.io/savagexFollowed by juliusity, callmeawnn, areaware +24 moreFollowed by juliusity, callmeawnn, areaware +24 morejuliusitycallmeawnnareaware"
121,badgalriri,https://www.instagram.com/p/CCFCr7snVUv/,"badgalririri-hanna.io/savagexFollowed by juliusity, callmeawnn, areaware +24 moreFollowed by juliusity, callmeawnn, areaware +24 morejuliusitycallmeawnnareaware"
122,badgalriri,https://www.instagram.com/p/CB6oxCaHRCh/,"badgalririri-hanna.io/savagexFollowed by juliusity, callmeawnn, areaware +24 moreFollowed by juliusity, callmeawnn, areaware +24 morejuliusitycallmeawnnareaware"
123,badgalriri,https://www.instagram.com/p/CBpYhiUHsre/,"badgalririri-hanna.io/savagexFollowed by juliusity, callmeawnn, areaware +24 moreFollowed by juliusity, callmeawnn, areaware +24 morejuliusitycallmeawnnareaware"
124,badgalriri,https://www.instagram.com/p/CBpRCTqnuxz/,"badgalririri-hanna.io/savagexFollowed by juliusity, callmeawnn, areaware +24 moreFollowed by juliusity, callmeawnn, areaware +24 morejuliusitycallmeawnnareaware"
125,badgalriri,https://www.instagram.com/p/CA8robonZ_W/,"badgalririri-hanna.io/savagexFollowed by juliusity, callmeawnn, areaware +24 moreFollowed by juliusity, callmeawnn, areaware +24 morejuliusitycallmeawnnareaware"
126,badgalriri,https://www.instagram.com/p/CA6_ckAHFvR/,"badgalririri-hanna.io/savagexFollowed by juliusity, callmeawnn, areaware +24 moreFollowed by juliusity, callmeawnn, areaware +24 morejuliusitycallmeawnnareaware"
127,badgalriri,https://www.instagram.com/p/CAy-IpYnqCu/,"badgalririri-hanna.io/savagexFollowed by juliusity, callmeawnn, areaware +24 moreFollowed by juliusity, callmeawnn, areaware +24 morejuliusitycallmeawnnareaware"
128,badgalriri,https://www.instagram.com/p/CAL0WimHzgr/,"badgalririri-hanna.io/savagexFollowed by juliusity, callmeawnn, areaware +24 moreFollowed by juliusity, callmeawnn, areaware +24 morejuliusitycallmeawnnareaware"
129,badgalriri,https://www.instagram.com/p/CAGfVamHpmY/,"badgalririri-hanna.io/savagexFollowed by juliusity, callmeawnn, areaware +24 moreFollowed by juliusity, callmeawnn, areaware +24 morejuliusitycallmeawnnareaware"
130,badgalriri,https://www.instagram.com/p/CADqv2_HPPs/,"badgalririri-hanna.io/savagexFollowed by juliusity, callmeawnn, areaware +24 moreFollowed by juliusity, callmeawnn, areaware +24 morejuliusitycallmeawnnareaware"
131,badgalriri,https://www.instagram.com/p/CADntHsnzFN/,"badgalririri-hanna.io/savagexFollowed by juliusity, callmeawnn, areaware +24 moreFollowed by juliusity, callmeawnn, areaware +24 morejuliusitycallmeawnnareaware"
132,badgalriri,https://www.instagram.com/p/B_8c5CVnbfD/,"badgalririri-hanna.io/savagexFollowed by juliusity, callmeawnn, areaware +24 moreFollowed by juliusity, callmeawnn, areaware +24 morejuliusitycallmeawnnareaware"
133,badgalriri,https://www.instagram.com/p/B_8Z3kqnQqy/,"badgalririri-hanna.io/savagexFollowed by juliusity, callmeawnn, areaware +24 moreFollowed by juliusity, callmeawnn, areaware +24 morejuliusitycallmeawnnareaware"
134,badgalriri,https://www.instagram.com/p/B_52WwzHRjf/,"badgalririri-hanna.io/savagexFollowed by juliusity, callmeawnn, areaware +24 moreFollowed by juliusity, callmeawnn, areaware +24 morejuliusitycallmeawnnareaware"
135,badgalriri,https://www.instagram.com/p/B_qh-EYnrjW/,"badgalririri-hanna.io/savagexFollowed by juliusity, callmeawnn, areaware +24 moreFollowed by juliusity, callmeawnn, areaware +24 morejuliusitycallmeawnnareaware"
136,badgalriri,https://www.instagram.com/p/B_nrbNPndh0/,"badgalririri-hanna.io/savagexFollowed by juliusity, callmeawnn, areaware +24 moreFollowed by juliusity, callmeawnn, areaware +24 morejuliusitycallmeawnnareaware"
137,badgalriri,https://www.instagram.com/p/B_dH6T-nXZh/,"badgalririri-hanna.io/savagexFollowed by juliusity, callmeawnn, areaware +24 moreFollowed by juliusity, callmeawnn, areaware +24 morejuliusitycallmeawnnareaware"
138,badgalriri,https://www.instagram.com/p/B_L2mgmnMZe/,"badgalririri-hanna.io/savagexFollowed by juliusity, callmeawnn, areaware +24 moreFollowed by juliusity, callmeawnn, areaware +24 morejuliusitycallmeawnnareaware"
139,badgalriri,https://www.instagram.com/p/B_LoRVAHj6y/,"badgalririri-hanna.io/savagexFollowed by juliusity, callmeawnn, areaware +24 moreFollowed by juliusity, callmeawnn, areaware +24 morejuliusitycallmeawnnareaware"
140,badgalriri,https://www.instagram.com/p/B-0MS9ZH6Dm/,"badgalririri-hanna.io/savagexFollowed by juliusity, callmeawnn, areaware +24 moreFollowed by juliusity, callmeawnn, areaware +24 morejuliusitycallmeawnnareaware"
141,badgalriri,https://www.instagram.com/p/B-x4hH3Hx4p/,"badgalririri-hanna.io/savagexFollowed by juliusity, callmeawnn, areaware +24 moreFollowed by juliusity, callmeawnn, areaware +24 morejuliusitycallmeawnnareaware"
142,badgalriri,https://www.instagram.com/p/B-lSRO8HoEE/,"badgalririri-hanna.io/savagexFollowed by juliusity, callmeawnn, areaware +24 moreFollowed by juliusity, callmeawnn, areaware +24 morejuliusitycallmeawnnareaware"
143,badgalriri,https://www.instagram.com/p/B-k5I8vHyAq/,"badgalririri-hanna.io/savagexFollowed by juliusity, callmeawnn, areaware +24 moreFollowed by juliusity, callmeawnn, areaware +24 morejuliusitycallmeawnnareaware"
144,badgalriri,https://www.instagram.com/p/B-Zmn0jH3E6/,"badgalririri-hanna.io/savagexFollowed by juliusity, callmeawnn, areaware +24 moreFollowed by juliusity, callmeawnn, areaware +24 morejuliusitycallmeawnnareaware"
145,badgalriri,https://www.instagram.com/p/B-XvItbnB-E/,"badgalririri-hanna.io/savagexFollowed by juliusity, callmeawnn, areaware +24 moreFollowed by juliusity, callmeawnn, areaware +24 morejuliusitycallmeawnnareaware"
146,badgalriri,https://www.instagram.com/p/B-XuzTSnaQF/,"badgalririri-hanna.io/savagexFollowed by juliusity, callmeawnn, areaware +24 moreFollowed by juliusity, callmeawnn, areaware +24 morejuliusitycallmeawnnareaware"
147,badgalriri,https://www.instagram.com/p/B-OSPnpnK4x/,"badgalririri-hanna.io/savagexFollowed by juliusity, callmeawnn, areaware +24 moreFollowed by juliusity, callmeawnn, areaware +24 morejuliusitycallmeawnnareaware"
148,badgalriri,https://www.instagram.com/p/B8kLeT8nSBg/,"badgalririri-hanna.io/savagexFollowed by juliusity, callmeawnn, areaware +24 moreFollowed by juliusity, callmeawnn, areaware +24 morejuliusitycallmeawnnareaware"
149,badgalriri,https://www.instagram.com/p/B8kEcU4nYxR/,"badgalririri-hanna.io/savagexFollowed by juliusity, callmeawnn, areaware +24 moreFollowed by juliusity, callmeawnn, areaware +24 morejuliusitycallmeawnnareaware"
150,badgalriri,https://www.instagram.com/p/B8e_lDsnCJY/,"badgalririri-hanna.io/savagexFollowed by juliusity, callmeawnn, areaware +24 moreFollowed by juliusity, callmeawnn, areaware +24 morejuliusitycallmeawnnareaware"
151,badgalriri,https://www.instagram.com/p/B8aXhI-H9aN/,"badgalririri-hanna.io/savagexFollowed by juliusity, callmeawnn, areaware +24 moreFollowed by juliusity, callmeawnn, areaware +24 morejuliusitycallmeawnnareaware"
152,badgalriri,https://www.instagram.com/p/B8RRzzLnaMa/,"badgalririri-hanna.io/savagexFollowed by juliusity, callmeawnn, areaware +24 moreFollowed by juliusity, callmeawnn, areaware +24 morejuliusitycallmeawnnareaware"
153,badgalriri,https://www.instagram.com/p/B8Mkhv9H62D/,"badgalririri-hanna.io/savagexFollowed by juliusity, callmeawnn, areaware +24 moreFollowed by juliusity, callmeawnn, areaware +24 morejuliusitycallmeawnnareaware"
154,badgalriri,https://www.instagram.com/p/B7_MhUhnl7x/,"badgalririri-hanna.io/savagexFollowed by juliusity, callmeawnn, areaware +24 moreFollowed by juliusity, callmeawnn, areaware +24 morejuliusitycallmeawnnareaware"
155,badgalriri,https://www.instagram.com/p/B72KqAgHvmt/,"badgalririri-hanna.io/savagexFollowed by juliusity, callmeawnn, areaware +24 moreFollowed by juliusity, callmeawnn, areaware +24 morejuliusitycallmeawnnareaware"
156,badgalriri,https://www.instagram.com/p/B7mr9k1nC4K/,"badgalririri-hanna.io/savagexFollowed by juliusity, callmeawnn, areaware +24 moreFollowed by juliusity, callmeawnn, areaware +24 morejuliusitycallmeawnnareaware"
157,badgalriri,https://www.instagram.com/p/B7lr54DnOMX/,"badgalririri-hanna.io/savagexFollowed by juliusity, callmeawnn, areaware +24 moreFollowed by juliusity, callmeawnn, areaware +24 morejuliusitycallmeawnnareaware"
158,badgalriri,https://www.instagram.com/p/B7lqD4_nuqT/,"badgalririri-hanna.io/savagexFollowed by juliusity, callmeawnn, areaware +24 moreFollowed by juliusity, callmeawnn, areaware +24 morejuliusitycallmeawnnareaware"
159,badgalriri,https://www.instagram.com/p/B7kHFSGnNG7/,"badgalririri-hanna.io/savagexFollowed by juliusity, callmeawnn, areaware +24 moreFollowed by juliusity, callmeawnn, areaware +24 morejuliusitycallmeawnnareaware"
160,badgalriri,https://www.instagram.com/p/B7PVdU9HH7o/,"badgalririri-hanna.io/savagexFollowed by juliusity, callmeawnn, areaware +24 moreFollowed by juliusity, callmeawnn, areaware +24 morejuliusitycallmeawnnareaware"
161,badgalriri,https://www.instagram.com/p/B7PFWRGn0wY/,"badgalririri-hanna.io/savagexFollowed by juliusity, callmeawnn, areaware +24 moreFollowed by juliusity, callmeawnn, areaware +24 morejuliusitycallmeawnnareaware"
162,badgalriri,https://www.instagram.com/p/B7CG7d6nK8z/,"badgalririri-hanna.io/savagexFollowed by juliusity, callmeawnn, areaware +24 moreFollowed by juliusity, callmeawnn, areaware +24 morejuliusitycallmeawnnareaware"
163,badgalriri,https://www.instagram.com/p/B6_ngxfHaLH/,"badgalririri-hanna.io/savagexFollowed by juliusity, callmeawnn, areaware +24 moreFollowed by juliusity, callmeawnn, areaware +24 morejuliusitycallmeawnnareaware"
164,badgalriri,https://www.instagram.com/p/B6-r8AnHk1Z/,"badgalririri-hanna.io/savagexFollowed by juliusity, callmeawnn, areaware +24 moreFollowed by juliusity, callmeawnn, areaware +24 morejuliusitycallmeawnnareaware"
165,badgalriri,https://www.instagram.com/p/B6Ybc0snGw9/,"badgalririri-hanna.io/savagexFollowed by juliusity, callmeawnn, areaware +24 moreFollowed by juliusity, callmeawnn, areaware +24 morejuliusitycallmeawnnareaware"
166,badgalriri,https://www.instagram.com/p/B6TbH4rn33e/,"badgalririri-hanna.io/savagexFollowed by juliusity, callmeawnn, areaware +24 moreFollowed by juliusity, callmeawnn, areaware +24 morejuliusitycallmeawnnareaware"
167,badgalriri,https://www.instagram.com/p/B53M594HVZD/,"badgalririri-hanna.io/savagexFollowed by juliusity, callmeawnn, areaware +24 moreFollowed by juliusity, callmeawnn, areaware +24 morejuliusitycallmeawnnareaware"
168,badgalriri,https://www.instagram.com/p/B5wkTVdH4DS/,"badgalririri-hanna.io/savagexFollowed by juliusity, callmeawnn, areaware +24 moreFollowed by juliusity, callmeawnn, areaware +24 morejuliusitycallmeawnnareaware"
169,badgalriri,https://www.instagram.com/p/B5wiQWsnOCS/,"badgalririri-hanna.io/savagexFollowed by juliusity, callmeawnn, areaware +24 moreFollowed by juliusity, callmeawnn, areaware +24 morejuliusitycallmeawnnareaware"
170,badgalriri,https://www.instagram.com/p/B5qptQdnr9Z/,"badgalririri-hanna.io/savagexFollowed by juliusity, callmeawnn, areaware +24 moreFollowed by juliusity, callmeawnn, areaware +24 morejuliusitycallmeawnnareaware"
171,badgalriri,https://www.instagram.com/p/B5qlVA2H85u/,"badgalririri-hanna.io/savagexFollowed by juliusity, callmeawnn, areaware +24 moreFollowed by juliusity, callmeawnn, areaware +24 morejuliusitycallmeawnnareaware"
172,badgalriri,https://www.instagram.com/p/B5lMjYbn0HA/,"badgalririri-hanna.io/savagexFollowed by juliusity, callmeawnn, areaware +24 moreFollowed by juliusity, callmeawnn, areaware +24 morejuliusitycallmeawnnareaware"
173,badgalriri,https://www.instagram.com/p/B5ie4PunjWJ/,"badgalririri-hanna.io/savagexFollowed by juliusity, callmeawnn, areaware +24 moreFollowed by juliusity, callmeawnn, areaware +24 morejuliusitycallmeawnnareaware"
174,badgalriri,https://www.instagram.com/p/B5fOhArnJ45/,"badgalririri-hanna.io/savagexFollowed by juliusity, callmeawnn, areaware +24 moreFollowed by juliusity, callmeawnn, areaware +24 morejuliusitycallmeawnnareaware"
175,badgalriri,https://www.instagram.com/p/B5ZOuH8HF_D/,"badgalririri-hanna.io/savagexFollowed by juliusity, callmeawnn, areaware +24 moreFollowed by juliusity, callmeawnn, areaware +24 morejuliusitycallmeawnnareaware"
176,badgalriri,https://www.instagram.com/p/B5ZEEpZnVAN/,"badgalririri-hanna.io/savagexFollowed by juliusity, callmeawnn, areaware +24 moreFollowed by juliusity, callmeawnn, areaware +24 morejuliusitycallmeawnnareaware"
177,badgalriri,https://www.instagram.com/p/B5Gwix9HgcQ/,"badgalririri-hanna.io/savagexFollowed by juliusity, callmeawnn, areaware +24 moreFollowed by juliusity, callmeawnn, areaware +24 morejuliusitycallmeawnnareaware"
178,badgalriri,https://www.instagram.com/p/B5GhZf8Hixo/,"badgalririri-hanna.io/savagexFollowed by juliusity, callmeawnn, areaware +24 moreFollowed by juliusity, callmeawnn, areaware +24 morejuliusitycallmeawnnareaware"
179,badgalriri,https://www.instagram.com/p/B5GfzMXnxO3/,"badgalririri-hanna.io/savagexFollowed by juliusity, callmeawnn, areaware +24 moreFollowed by juliusity, callmeawnn, areaware +24 morejuliusitycallmeawnnareaware"
180,badgalriri,https://www.instagram.com/p/B4zIv79Hhqf/,"badgalririri-hanna.io/savagexFollowed by juliusity, callmeawnn, areaware +24 moreFollowed by juliusity, callmeawnn, areaware +24 morejuliusitycallmeawnnareaware"
181,badgalriri,https://www.instagram.com/p/B4SdFgqn0ZF/,"badgalririri-hanna.io/savagexFollowed by juliusity, callmeawnn, areaware +24 moreFollowed by juliusity, callmeawnn, areaware +24 morejuliusitycallmeawnnareaware"
182,badgalriri,https://www.instagram.com/p/B4ORulcnusp/,"badgalririri-hanna.io/savagexFollowed by juliusity, callmeawnn, areaware +24 moreFollowed by juliusity, callmeawnn, areaware +24 morejuliusitycallmeawnnareaware"
183,badgalriri,https://www.instagram.com/p/B4ORnL0nRTE/,"badgalririri-hanna.io/savagexFollowed by juliusity, callmeawnn, areaware +24 moreFollowed by juliusity, callmeawnn, areaware +24 morejuliusitycallmeawnnareaware"
184,badgalriri,https://www.instagram.com/p/B4Bo1dYHcKq/,"badgalririri-hanna.io/savagexFollowed by juliusity, callmeawnn, areaware +24 moreFollowed by juliusity, callmeawnn, areaware +24 morejuliusitycallmeawnnareaware"
185,badgalriri,https://www.instagram.com/p/B3-egYBghSN/,"badgalririri-hanna.io/savagexFollowed by juliusity, callmeawnn, areaware +24 moreFollowed by juliusity, callmeawnn, areaware +24 morejuliusitycallmeawnnareaware"
186,badgalriri,https://www.instagram.com/p/B30RdmSnf_q/,"badgalririri-hanna.io/savagexFollowed by juliusity, callmeawnn, areaware +24 moreFollowed by juliusity, callmeawnn, areaware +24 morejuliusitycallmeawnnareaware"
187,badgalriri,https://www.instagram.com/p/B3x8FuDHOvQ/,"badgalririri-hanna.io/savagexFollowed by juliusity, callmeawnn, areaware +24 moreFollowed by juliusity, callmeawnn, areaware +24 morejuliusitycallmeawnnareaware"
188,badgalriri,https://www.instagram.com/p/B3xtZIHHQUV/,"badgalririri-hanna.io/savagexFollowed by juliusity, callmeawnn, areaware +24 moreFollowed by juliusity, callmeawnn, areaware +24 morejuliusitycallmeawnnareaware"
189,badgalriri,https://www.instagram.com/p/B3sm4DrHrJO/,"badgalririri-hanna.io/savagexFollowed by juliusity, callmeawnn, areaware +24 moreFollowed by juliusity, callmeawnn, areaware +24 morejuliusitycallmeawnnareaware"
190,badgalriri,https://www.instagram.com/p/B3Zjky5nL3x/,"badgalririri-hanna.io/savagexFollowed by juliusity, callmeawnn, areaware +24 moreFollowed by juliusity, callmeawnn, areaware +24 morejuliusitycallmeawnnareaware"
191,badgalriri,https://www.instagram.com/p/B3UhciFnHaY/,"badgalririri-hanna.io/savagexFollowed by juliusity, callmeawnn, areaware +24 moreFollowed by juliusity, callmeawnn, areaware +24 morejuliusitycallmeawnnareaware"
